{
  "kind": "singleType",
  "collectionName": "homepages",
  "info": {
    "displayName": "Homepage",
    "singularName": "homepage",
    "pluralName": "homepages"
  },
  "options": {
    "draftAndPublish": true
  },
  "pluginOptions": {
    "i18n": {
      "localized": true
    }
  },
  "attributes": {
    "title": {
      "type": "string",
      "required": true,
      "pluginOptions": {
        "i18n": {
          "localized": true
        }
      }
    },
    "slug": {
      "type": "uid",
      "targetField": "title",
      "required": true,
      "pluginOptions": {
        "i18n": {
          "localized": true
        }
      }
    },
    "single": {
      "type": "media",
      "allowedTypes": ["images", "files", "videos"],
      "required": false
    },
    "multiple": {
      "type": "media",
      "multiple": true,
      "allowedTypes": ["images", "videos"],
      "required": false
    }
  }
}
