{
  "kind": "collectionType",
  "collectionName": "countries",
  "info": {
    "displayName": "Country",
    "singularName": "country",
    "pluralName": "countries",
    "description": "",
    "name": "Country"
  },
  "options": {
    "comment": "",
    "draftAndPublish": false
  },
  "pluginOptions": {
    "i18n": {
      "localized": true
    }
  },
  "attributes": {
    "name": {
      "type": "string",
      "required": true,
      "minLength": 3,
      "pluginOptions": {
        "i18n": {
          "localized": true
        }
      }
    },
    "code": {
      "type": "string",
      "maxLength": 3,
      "unique": true,
      "minLength": 2,
      "pluginOptions": {
        "i18n": {
          "localized": true
        }
      }
    }
  }
}
