{
  "kind": "collectionType",
  "collectionName": "tags",
  "info": {
    "displayName": "Tag",
    "singularName": "tag",
    "pluralName": "tags",
    "description": ""
  },
  "options": {
    "draftAndPublish": true
  },
  "pluginOptions": {},
  "attributes": {
    "name": {
      "type": "string"
    },
    "many_to_one_kitchensink": {
      "type": "relation",
      "relation": "manyToOne",
      "target": "api::kitchensink.kitchensink",
      "inversedBy": "one_to_many_tags"
    },
    "one_to_many_kitchensinks": {
      "type": "relation",
      "relation": "oneToMany",
      "target": "api::kitchensink.kitchensink",
      "mappedBy": "many_to_one_tag"
    },
    "many_to_many_kitchensinks": {
      "type": "relation",
      "relation": "manyToMany",
      "target": "api::kitchensink.kitchensink",
      "mappedBy": "many_to_many_tags"
    },
    "one_to_one_kitchensink": {
      "type": "relation",
      "relation": "oneToOne",
      "target": "api::kitchensink.kitchensink",
      "mappedBy": "one_to_one_tag"
    },
    "taggable": {
      "type": "relation",
      "relation": "morphToOne",
      "morphColumn": {
        "typeColumn": {
          "name": "taggable_type"
        },
        "idColumn": {
          "name": "taggable_id",
          "referencedColumn": "id"
        }
      }
    }
  }
}
