{
  "kind": "collectionType",
  "collectionName": "addresses",
  "info": {
    "displayName": "Address",
    "singularName": "address",
    "pluralName": "addresses",
    "description": "",
    "name": "Address"
  },
  "options": {
    "draftAndPublish": false
  },
  "pluginOptions": {},
  "attributes": {
    "postal_code": {
      "type": "string",
      "pluginOptions": {},
      "maxLength": 2
    },
    "categories": {
      "type": "relation",
      "relation": "manyToMany",
      "target": "api::category.category",
      "inversedBy": "addresses"
    },
    "cover": {
      "type": "media",
      "multiple": false,
      "required": false,
      "allowedTypes": ["files", "images", "videos", "audios"],
      "pluginOptions": {}
    },
    "images": {
      "type": "media",
      "multiple": true,
      "required": false,
      "allowedTypes": ["images"],
      "pluginOptions": {}
    },
    "city": {
      "type": "string",
      "required": true,
      "maxLength": 200,
      "pluginOptions": {}
    },
    "json": {
      "type": "json",
      "pluginOptions": {}
    },
    "slug": {
      "type": "uid"
    },
    "notrepeat_req": {
      "type": "component",
      "repeatable": false,
      "pluginOptions": {},
      "component": "blog.test-como",
      "required": true
    },
    "repeat_req": {
      "type": "component",
      "repeatable": true,
      "pluginOptions": {},
      "component": "blog.test-como",
      "required": true
    },
    "repeat_req_min": {
      "type": "component",
      "repeatable": true,
      "pluginOptions": {},
      "component": "blog.test-como",
      "required": false,
      "min": 2
    }
  }
}
