{
  "kind": "collectionType",
  "collectionName": "menus",
  "info": {
    "description": "",
    "displayName": "Menu",
    "singularName": "menu",
    "pluralName": "menus"
  },
  "options": {
    "comment": "",
    "draftAndPublish": false
  },
  "attributes": {
    "description": {
      "type": "text"
    },
    "menusections": {
      "type": "relation",
      "relation": "oneToMany",
      "target": "api::menusection.menusection",
      "mappedBy": "menu"
    },
    "restaurant": {
      "type": "relation",
      "relation": "oneToOne",
      "target": "api::restaurant.restaurant",
      "mappedBy": "menu"
    }
  }
}
